url,reason
https://framerusercontent.com/images/19yTsYFUZqRCDlYEjblguX581ig.jpg?scale-down-to=1024&amp;width=917&amp;height=1281,status=400
https://framerusercontent.com/images/19yTsYFUZqRCDlYEjblguX581ig.jpg?width=917&amp;height=1281,status=400
https://framerusercontent.com/images/1BRDkIzVV7TxG8fJDyUWdUDDE.png?width=500&amp;height=105,status=400
https://framerusercontent.com/images/3YQLMZEk5tHlkmMh4CjpAifaEc.jpg?scale-down-to=512&amp;width=800&amp;height=544,status=400
https://framerusercontent.com/images/3YQLMZEk5tHlkmMh4CjpAifaEc.jpg?width=800&amp;height=544,status=400
https://framerusercontent.com/images/3b210go7xrqsX3cBCZkQjPg7lc.png?width=604&amp;height=892,status=400
https://framerusercontent.com/images/6DlpR3ftJ6MctTZwyeuvp0hxAY.jpg?width=604&amp;height=892,status=400
https://framerusercontent.com/images/6NG7JMcShVQy0ZvhiVszVR6REZg.jpg?scale-down-to=1024&amp;width=1200&amp;height=1632,status=400
https://framerusercontent.com/images/6NG7JMcShVQy0ZvhiVszVR6REZg.jpg?width=1200&amp;height=1632,status=400
https://framerusercontent.com/images/6YhaoNUtBTiFwuXYBUD7Gi0ss.jpg?scale-down-to=1024&amp;width=1088&amp;height=820,status=400
https://framerusercontent.com/images/6YhaoNUtBTiFwuXYBUD7Gi0ss.jpg?scale-down-to=512&amp;width=1088&amp;height=820,status=400
https://framerusercontent.com/images/6YhaoNUtBTiFwuXYBUD7Gi0ss.jpg?width=1088&amp;height=820,status=400
https://framerusercontent.com/images/7XTSiB6TPpicn3IN6IcNvoPO4.png?width=302&amp;height=446,status=400
https://framerusercontent.com/images/7vNxZGcgXkoIzEvLFcF7PBqAj2Y.png?scale-down-to=1024&amp;width=648&amp;height=1280,status=400
https://framerusercontent.com/images/7vNxZGcgXkoIzEvLFcF7PBqAj2Y.png?width=648&amp;height=1280,status=400
https://framerusercontent.com/images/9WyYelkv3EfaJFi50PZydNSt2ws.png?width=604&amp;height=892,status=400
https://framerusercontent.com/images/9rHXsWsoDHnFzKFiXFKm2HQGLs.png?width=365&amp;height=663,status=400
https://framerusercontent.com/images/A1lwE6WKdaWtTNHV4R3xFZ1ljVo.jpg?scale-down-to=1024&amp;width=1232&amp;height=696,status=400
https://framerusercontent.com/images/A1lwE6WKdaWtTNHV4R3xFZ1ljVo.jpg?scale-down-to=512&amp;width=1232&amp;height=696,status=400
https://framerusercontent.com/images/A1lwE6WKdaWtTNHV4R3xFZ1ljVo.jpg?width=1232&amp;height=696,status=400
https://framerusercontent.com/images/Bu2jCFHc6PlUNAbdGF5SmNjXPmU.png?scale-down-to=1024&amp;width=1200&amp;height=1117,status=400
https://framerusercontent.com/images/Bu2jCFHc6PlUNAbdGF5SmNjXPmU.png?scale-down-to=512&amp;width=1200&amp;height=1117,status=400
https://framerusercontent.com/images/Bu2jCFHc6PlUNAbdGF5SmNjXPmU.png?width=1200&amp;height=1117,status=400
https://framerusercontent.com/images/CrbVlJKa3d0BxtrYXnh9pIp0.jpg?scale-down-to=1024&amp;width=928&amp;height=1232,status=400
https://framerusercontent.com/images/CrbVlJKa3d0BxtrYXnh9pIp0.jpg?width=928&amp;height=1232,status=400
https://framerusercontent.com/images/DledV5XhgNZMvvKuNPweP2g.png?width=684&amp;height=776,status=400
https://framerusercontent.com/images/E2HTcWzFVYj8RkAxT3IGYNuY.svg?width=25&amp;height=25,status=400
https://framerusercontent.com/images/L7wxKZ4YKHUKiODGYQrRlQYvTKo.png?width=604&amp;height=892,status=400
https://framerusercontent.com/images/Ly2H9feVHgGgo55QqMcUBXLE5uo.svg?width=24&amp;height=17,status=400
https://framerusercontent.com/images/M0OCfdXjRNoYKdSKur1aYLr0i4.png?scale-down-to=512&amp;width=821&amp;height=645,status=400
https://framerusercontent.com/images/M0OCfdXjRNoYKdSKur1aYLr0i4.png?width=821&amp;height=645,status=400
https://framerusercontent.com/images/M2LQEfvOlVZuaIFYNA0vXuXEo.png?width=312&amp;height=592,status=400
https://framerusercontent.com/images/MUleo6AJYzUp84yfK9JU0Bo.png?width=60&amp;height=60,status=400
https://framerusercontent.com/images/MmOBvmKQi9xqc185vH7Cqxq8F8.png?width=582&amp;height=862,status=400
https://framerusercontent.com/images/MoQjUaFVDcKosmLtidv94kjQ3Zk.png?width=295&amp;height=321,status=400
https://framerusercontent.com/images/O7As3EtAHPp6cus5hmUPb9BCU.png?scale-down-to=1024&amp;width=1486&amp;height=1204,status=400
https://framerusercontent.com/images/O7As3EtAHPp6cus5hmUPb9BCU.png?scale-down-to=512&amp;width=1486&amp;height=1204,status=400
https://framerusercontent.com/images/O7As3EtAHPp6cus5hmUPb9BCU.png?width=1486&amp;height=1204,status=400
https://framerusercontent.com/images/PbtIEUnRaotxjAHpN80DWQj4lY.jpg?width=1074&amp;height=978,status=400
https://framerusercontent.com/images/Pf1CiNDRhvpyTahyDvlblpTxlg.png?width=365&amp;height=663,status=400
https://framerusercontent.com/images/QG8WHNxXqMMGSvYoe11QogyAaQ.svg?width=24&amp;height=24,status=400
https://framerusercontent.com/images/QZxfRAhxllYfpGxMEuk6kFVLhU.svg?width=24&amp;height=24,status=400
https://framerusercontent.com/images/Qq1hpfsOGdVcMBaTsJ8cRIZxYM.jpg?scale-down-to=1024&amp;width=896&amp;height=1344,status=400
https://framerusercontent.com/images/Qq1hpfsOGdVcMBaTsJ8cRIZxYM.jpg?width=896&amp;height=1344,status=400
https://framerusercontent.com/images/Qzg7hOnOYm2PR1xuvL1xDf7C4M.png?scale-down-to=512&amp;width=752&amp;height=670,status=400
https://framerusercontent.com/images/Qzg7hOnOYm2PR1xuvL1xDf7C4M.png?width=752&amp;height=670,status=400
https://framerusercontent.com/images/R39pdd5RraxUMKDzVGGoYNnqC0.png?scale-down-to=1024&amp;width=1664&amp;height=896,status=400
https://framerusercontent.com/images/R39pdd5RraxUMKDzVGGoYNnqC0.png?scale-down-to=512&amp;width=1664&amp;height=896,status=400
https://framerusercontent.com/images/R39pdd5RraxUMKDzVGGoYNnqC0.png?width=1664&amp;height=896,status=400
https://framerusercontent.com/images/RhAovRvnguUANWRqQHJTM8xMwg.jpg?lossless=1&amp;width=1600&amp;height=808,status=400
https://framerusercontent.com/images/RhAovRvnguUANWRqQHJTM8xMwg.jpg?scale-down-to=1024&amp;lossless=1&amp;width=1600&amp;height=808,status=400
https://framerusercontent.com/images/RhAovRvnguUANWRqQHJTM8xMwg.jpg?scale-down-to=512&amp;lossless=1&amp;width=1600&amp;height=808,status=400
https://framerusercontent.com/images/TDqwwuuERJIkMwN3ZjsZgCTOFoU.png?width=619&amp;height=823,status=400
https://framerusercontent.com/images/UysuhckvFL577sNYi6mjHa2VlTk.png?width=640&amp;height=849,status=400
https://framerusercontent.com/images/V1xnEAqJ9jSuY7bZyd79iPx8zLk.jpg?scale-down-to=512&amp;width=800&amp;height=478,status=400
https://framerusercontent.com/images/V1xnEAqJ9jSuY7bZyd79iPx8zLk.jpg?width=800&amp;height=478,status=400
https://framerusercontent.com/images/VlXVSTuHKTz4XzjZzNLWYchfHMQ.png?scale-down-to=1024&amp;width=1486&amp;height=1204,status=400
https://framerusercontent.com/images/VlXVSTuHKTz4XzjZzNLWYchfHMQ.png?scale-down-to=512&amp;width=1486&amp;height=1204,status=400
https://framerusercontent.com/images/VlXVSTuHKTz4XzjZzNLWYchfHMQ.png?width=1486&amp;height=1204,status=400
https://framerusercontent.com/images/VnciKup8vZHBGa1LuhRkhlGKGY.jpg?scale-down-to=512&amp;width=1004&amp;height=600,status=400
https://framerusercontent.com/images/VnciKup8vZHBGa1LuhRkhlGKGY.jpg?width=1004&amp;height=600,status=400
https://framerusercontent.com/images/WUFCBuh0wNjDvRv5B5ZqEH4mjA.png?width=604&amp;height=892,status=400
https://framerusercontent.com/images/X5To8PkDflJIVyk4uVlpTZbM.jpg?scale-down-to=512&amp;width=800&amp;height=393,status=400
https://framerusercontent.com/images/X5To8PkDflJIVyk4uVlpTZbM.jpg?width=800&amp;height=393,status=400
https://framerusercontent.com/images/YNzdkrl3B55n6jdaG6fo6LYESZA.svg?width=25&amp;height=21,status=400
https://framerusercontent.com/images/ZlJbchQEeboQ3J4HC0w7Lj2SRvQ.png?width=604&amp;height=892,status=400
https://framerusercontent.com/images/Zvdfe1gp8sWKa70I45O77VG0dE.png?width=189&amp;height=261,status=400
https://framerusercontent.com/images/ebekakhYpL3GtZjgSIDuFLWgX5M.jpg?width=800&amp;height=942,status=400
https://framerusercontent.com/images/hTDlc2jTbUoIvwdIm9paun4dC2E.png?scale-down-to=512&amp;width=800&amp;height=800,status=400
https://framerusercontent.com/images/hTDlc2jTbUoIvwdIm9paun4dC2E.png?width=800&amp;height=800,status=400
https://framerusercontent.com/images/iZZOz7kuB4YLvdGWAg8yO3avoLQ.jpg?width=604&amp;height=892,status=400
https://framerusercontent.com/images/icI7irO97FyvZXQhkTNToAAsxA.jpg?scale-down-to=1024&amp;width=4762&amp;height=2150,status=400
https://framerusercontent.com/images/icI7irO97FyvZXQhkTNToAAsxA.jpg?scale-down-to=2048&amp;width=4762&amp;height=2150,status=400
https://framerusercontent.com/images/icI7irO97FyvZXQhkTNToAAsxA.jpg?scale-down-to=4096&amp;width=4762&amp;height=2150,status=400
https://framerusercontent.com/images/icI7irO97FyvZXQhkTNToAAsxA.jpg?scale-down-to=512&amp;width=4762&amp;height=2150,status=400
https://framerusercontent.com/images/icI7irO97FyvZXQhkTNToAAsxA.jpg?width=4762&amp;height=2150,status=400
https://framerusercontent.com/images/ihBupsd47mUBkztGVAMt31VNRN4.png?width=604&amp;height=892,status=400
https://framerusercontent.com/images/kGnNaK4Hq75IROfl09b8iDmZSY.png?width=620&amp;height=1468,status=400
https://framerusercontent.com/images/mIOVCZ8m2Ggx43qRvq4ViZKEA.jpg?scale-down-to=1024&amp;width=1600&amp;height=1208,status=400
https://framerusercontent.com/images/mIOVCZ8m2Ggx43qRvq4ViZKEA.jpg?scale-down-to=512&amp;width=1600&amp;height=1208,status=400
https://framerusercontent.com/images/mIOVCZ8m2Ggx43qRvq4ViZKEA.jpg?width=1600&amp;height=1208,status=400
https://framerusercontent.com/images/mOouvtzIDHOerqUQ0hDOpizA.svg?width=24&amp;height=24,status=400
https://framerusercontent.com/images/mbswtDubuuaNLt9pVGB2qc5QszM.svg?width=20&amp;height=20,status=400
https://framerusercontent.com/images/mz3nMVX8VGPBcqgjBYUldp4jw.png?width=604&amp;height=892,status=400
https://framerusercontent.com/images/nrGxwSsRFp57MwVq6ihfcnRm8bA.png?width=604&amp;height=892,status=400
https://framerusercontent.com/images/oqHr3GgQdTDzYDWeUoZPd8MukU.png?scale-down-to=1024&amp;width=1664&amp;height=896,status=400
https://framerusercontent.com/images/oqHr3GgQdTDzYDWeUoZPd8MukU.png?scale-down-to=512&amp;width=1664&amp;height=896,status=400
https://framerusercontent.com/images/oqHr3GgQdTDzYDWeUoZPd8MukU.png?width=1664&amp;height=896,status=400
https://framerusercontent.com/images/paOnEoR3Gqf2LWRZGYBJ2Uokw.png?width=604&amp;height=892,status=400
https://framerusercontent.com/images/q2uWrYWiZmMyus58IGeMLSbGI.png?width=292&amp;height=316,status=400
https://framerusercontent.com/images/qV951zlqkRByvsPmXxPODM34CY.png?scale-down-to=1024&amp;width=1248&amp;height=672,status=400
https://framerusercontent.com/images/qV951zlqkRByvsPmXxPODM34CY.png?scale-down-to=512&amp;width=1248&amp;height=672,status=400
https://framerusercontent.com/images/qV951zlqkRByvsPmXxPODM34CY.png?width=1248&amp;height=672,status=400
https://framerusercontent.com/images/snLhnFxV1S915H070FVXdFseVw.png?scale-down-to=1024&amp;width=1352&amp;height=658,status=400
https://framerusercontent.com/images/snLhnFxV1S915H070FVXdFseVw.png?scale-down-to=512&amp;width=1352&amp;height=658,status=400
https://framerusercontent.com/images/snLhnFxV1S915H070FVXdFseVw.png?width=1352&amp;height=658,status=400
https://framerusercontent.com/images/t2wNbRc2L3kekbAfprvHBau4A.jpg?width=904&amp;height=928,status=400
https://framerusercontent.com/images/uBsU5ZsqLrzBSK23aKqkDZSVGIo.svg?width=33&amp;height=24,status=400
https://framerusercontent.com/images/vC7EYvFVXWs3QWn7JLdi51Vvd7s.png?width=604&amp;height=892,status=400
https://framerusercontent.com/images/vyhgfyTZdnvKgcOFSsKadXmcI.png?width=800&amp;height=966,status=400
https://framerusercontent.com/images/ym25M3iouz0vhhEOFTk3BkvmRM.png?width=484&amp;height=805,status=400
https://framerusercontent.com/images/zmJZrAHLgexbSUaBuE8JSFohl8.png?scale-down-to=1024&amp;width=1211&amp;height=1140,status=400
https://framerusercontent.com/images/zmJZrAHLgexbSUaBuE8JSFohl8.png?scale-down-to=512&amp;width=1211&amp;height=1140,status=400
https://framerusercontent.com/images/zmJZrAHLgexbSUaBuE8JSFohl8.png?width=1211&amp;height=1140,status=400
